"Pages","Type"
414,"Romance"
375,"Romance"
408,"Romance"
453,"Romance"
416,"Romance"
384,"Romance"
418,"Romance"
393,"Romance"
384,"Romance"
387,"Romance"
401,"Romance"
375,"Romance"
368,"Romance"
404,"Romance"
389,"Romance"
428,"Romance"
401,"Romance"
434,"Romance"
403,"Romance"
388,"Romance"
378,"Romance"
390,"Romance"
402,"Romance"
387,"Romance"
407,"Romance"
408,"Romance"
412,"Romance"
430,"Romance"
393,"Romance"
431,"Romance"
413,"Romance"
393,"Romance"
378,"Romance"
417,"Romance"
382,"Romance"
409,"Romance"
400,"Romance"
380,"Romance"
423,"Romance"
394,"Romance"
383,"Romance"
415,"Romance"
407,"Romance"
410,"Romance"
366,"Romance"
415,"Romance"
384,"Romance"
434,"Romance"
386,"Romance"
398,"Romance"
388,"Romance"
371,"Romance"
394,"Romance"
399,"Romance"
423,"Romance"
413,"Romance"
380,"Romance"
382,"Romance"
398,"Romance"
409,"Romance"
433,"Romance"
368,"Romance"
401,"Romance"
347,"Romance"
404,"Romance"
402,"Romance"
423,"Romance"
432,"Romance"
440,"Romance"
427,"Romance"
450,"Romance"
429,"Romance"
392,"Romance"
409,"Romance"
378,"Romance"
392,"Romance"
407,"Romance"
394,"Romance"
382,"Romance"
424,"Romance"
384,"Romance"
407,"Romance"
391,"Romance"
401,"Romance"
384,"Romance"
394,"Romance"
432,"Romance"
417,"Romance"
408,"Romance"
397,"Romance"
375,"Romance"
375,"Romance"
389,"Romance"
413,"Romance"
387,"Romance"
410,"Romance"
407,"Romance"
400,"Romance"
382,"Romance"
397,"Romance"
364,"Romance"
383,"Romance"
424,"Romance"
384,"Romance"
435,"Romance"
371,"Romance"
411,"Romance"
412,"Romance"
387,"Romance"
426,"Romance"
396,"Romance"
406,"Romance"
397,"Romance"
432,"Romance"
408,"Romance"
408,"Romance"
392,"Romance"
404,"Romance"
422,"Romance"
380,"Romance"
394,"Romance"
388,"Romance"
403,"Romance"
369,"Romance"
411,"Romance"
397,"Romance"
388,"Romance"
408,"Romance"
364,"Romance"
386,"Romance"
410,"Romance"
435,"Romance"
408,"Romance"
402,"Romance"
394,"Romance"
375,"Romance"
353,"Romance"
430,"Romance"
399,"Romance"
407,"Romance"
418,"Romance"
414,"Romance"
363,"Romance"
405,"Romance"
407,"Romance"
389,"Romance"
378,"Romance"
382,"Romance"
396,"Romance"
360,"Romance"
393,"Romance"
399,"Romance"
407,"Romance"
390,"Romance"
386,"Romance"
393,"Romance"
401,"Romance"
400,"Romance"
406,"Romance"
418,"Romance"
439,"Romance"
397,"Romance"
420,"Romance"
408,"Romance"
401,"Romance"
387,"Romance"
413,"Romance"
404,"Romance"
395,"Romance"
400,"Romance"
422,"Romance"
405,"Romance"
372,"Romance"
378,"Romance"
426,"Romance"
404,"Romance"
417,"Romance"
409,"Romance"
446,"Romance"
415,"Romance"
372,"Romance"
396,"Romance"
408,"Romance"
388,"Romance"
382,"Romance"
391,"Romance"
401,"Romance"
382,"Romance"
435,"Romance"
365,"Romance"
405,"Romance"
382,"Romance"
416,"Romance"
387,"Romance"
405,"Romance"
426,"Romance"
411,"Romance"
430,"Romance"
404,"Romance"
428,"Romance"
429,"Romance"
451,"Romance"
428,"Romance"
411,"Romance"
398,"Romance"
446,"Romance"
396,"Romance"
377,"Romance"
409,"Romance"
382,"Romance"
391,"Romance"
389,"Romance"
389,"Romance"
399,"Romance"
413,"Romance"
397,"Romance"
400,"Romance"
444,"Romance"
422,"Romance"
398,"Romance"
392,"Romance"
401,"Romance"
429,"Romance"
396,"Romance"
409,"Romance"
386,"Romance"
395,"Romance"
402,"Romance"
412,"Romance"
414,"Romance"
422,"Romance"
414,"Romance"
410,"Romance"
405,"Romance"
368,"Romance"
405,"Romance"
405,"Romance"
400,"Romance"
364,"Romance"
381,"Romance"
373,"Romance"
379,"Romance"
393,"Romance"
372,"Romance"
402,"Romance"
375,"Romance"
428,"Romance"
370,"Romance"
399,"Romance"
424,"Romance"
428,"Romance"
410,"Romance"
391,"Romance"
401,"Romance"
421,"Romance"
374,"Romance"
400,"Romance"
419,"Romance"
414,"Romance"
387,"Romance"
405,"Romance"
346,"Romance"
407,"Romance"
425,"Romance"
413,"Romance"
410,"Romance"
378,"Romance"
393,"Romance"
393,"Romance"
405,"Romance"
431,"Romance"
352,"Romance"
403,"Romance"
401,"Romance"
430,"Romance"
430,"Romance"
385,"Romance"
386,"Romance"
421,"Romance"
393,"Romance"
396,"Romance"
344,"Romance"
375,"Romance"
394,"Romance"
420,"Romance"
355,"Romance"
397,"Romance"
424,"Romance"
407,"Romance"
397,"Romance"
384,"Romance"
376,"Romance"
399,"Romance"
388,"Romance"
441,"Romance"
393,"Romance"
391,"Romance"
395,"Romance"
399,"Romance"
381,"Romance"
370,"Romance"
365,"Romance"
394,"Romance"
375,"Romance"
403,"Romance"
371,"Romance"
415,"Romance"
405,"Romance"
385,"Romance"
400,"Romance"
421,"Romance"
413,"Romance"
396,"Romance"
452,"Romance"
392,"Romance"
405,"Romance"
438,"Romance"
377,"Romance"
397,"Romance"
410,"Romance"
447,"Romance"
396,"Romance"
380,"Romance"
394,"Romance"
376,"Romance"
373,"Romance"
423,"Romance"
425,"Romance"
343,"Romance"
411,"Romance"
427,"Romance"
387,"Romance"
402,"Romance"
395,"Romance"
387,"Romance"
435,"Romance"
420,"Romance"
435,"Romance"
399,"Romance"
438,"Romance"
408,"Romance"
358,"Romance"
379,"Romance"
401,"Romance"
374,"Romance"
404,"Romance"
407,"Romance"
391,"Romance"
416,"Romance"
389,"Romance"
368,"Romance"
410,"Romance"
389,"Romance"
396,"Romance"
408,"Romance"
369,"Romance"
402,"Romance"
425,"Romance"
374,"Romance"
426,"Romance"
383,"Romance"
382,"Romance"
432,"Romance"
441,"Romance"
367,"Romance"
420,"Romance"
399,"Romance"
381,"Romance"
386,"Romance"
380,"Romance"
416,"Romance"
426,"Romance"
421,"Romance"
401,"Romance"
423,"Romance"
367,"Romance"
398,"Romance"
407,"Romance"
434,"Romance"
417,"Romance"
383,"Romance"
424,"Romance"
412,"Romance"
415,"Romance"
408,"Romance"
396,"Romance"
422,"Romance"
403,"Romance"
382,"Romance"
424,"Romance"
364,"Romance"
377,"Romance"
396,"Romance"
373,"Romance"
413,"Romance"
357,"Romance"
381,"Romance"
421,"Romance"
419,"Romance"
390,"Romance"
398,"Romance"
396,"Romance"
430,"Romance"
387,"Romance"
359,"Romance"
390,"Romance"
403,"Romance"
408,"Romance"
441,"Romance"
403,"Romance"
350,"Romance"
399,"Romance"
394,"Romance"
392,"Romance"
408,"Romance"
403,"Romance"
398,"Romance"
416,"Romance"
384,"Romance"
351,"Romance"
369,"Romance"
394,"Romance"
390,"Romance"
399,"Romance"
393,"Romance"
378,"Romance"
393,"Romance"
410,"Romance"
382,"Romance"
373,"Romance"
416,"Romance"
385,"Romance"
379,"Romance"
390,"Romance"
366,"Romance"
424,"Romance"
365,"Romance"
381,"Romance"
403,"Romance"
446,"Romance"
372,"Romance"
408,"Romance"
411,"Romance"
372,"Romance"
432,"Romance"
386,"Romance"
389,"Romance"
372,"Romance"
410,"Romance"
423,"Romance"
432,"Romance"
386,"Romance"
436,"Romance"
370,"Romance"
432,"Romance"
417,"Romance"
375,"Romance"
382,"Romance"
412,"Romance"
435,"Romance"
383,"Romance"
403,"Romance"
411,"Romance"
387,"Romance"
376,"Romance"
419,"Romance"
399,"Romance"
365,"Romance"
410,"Romance"
416,"Romance"
429,"Romance"
387,"Romance"
381,"Romance"
385,"Romance"
409,"Romance"
382,"Romance"
377,"Romance"
405,"Romance"
359,"Romance"
381,"Romance"
382,"Romance"
403,"Romance"
392,"Romance"
393,"Romance"
408,"Romance"
400,"Romance"
416,"Romance"
355,"Romance"
412,"Romance"
403,"Romance"
373,"Romance"
434,"Romance"
394,"Romance"
450,"Romance"
372,"Romance"
386,"Romance"
379,"Romance"
416,"Romance"
396,"Romance"
426,"Romance"
403,"Romance"
388,"Romance"
405,"Romance"
398,"Romance"
398,"Romance"
393,"Romance"
408,"Romance"
403,"Romance"
412,"Romance"
392,"Romance"
397,"Romance"
420,"Romance"
389,"Romance"
401,"Romance"
413,"Romance"
369,"Romance"
383,"Romance"
424,"Romance"
408,"Romance"
387,"Romance"
406,"Romance"
406,"Romance"
380,"Romance"
421,"Romance"
413,"Romance"
402,"Romance"
375,"Romance"
408,"Romance"
417,"Romance"
396,"Romance"
391,"Romance"
413,"Romance"
421,"Romance"
394,"Romance"
385,"Romance"
381,"Romance"
389,"Romance"
386,"Romance"
411,"Romance"
383,"Romance"
400,"Romance"
395,"Romance"
407,"Romance"
411,"Romance"
388,"Romance"
403,"Romance"
429,"Romance"
388,"Romance"
431,"Romance"
413,"Romance"
395,"Romance"
384,"Romance"
381,"Romance"
393,"Romance"
437,"Romance"
389,"Romance"
378,"Romance"
392,"Romance"
433,"Romance"
413,"Romance"
416,"Romance"
398,"Romance"
391,"Romance"
439,"Romance"
366,"Romance"
420,"Romance"
388,"Romance"
388,"Romance"
383,"Romance"
399,"Romance"
403,"Romance"
371,"Romance"
383,"Romance"
437,"Romance"
414,"Romance"
415,"Romance"
409,"Romance"
423,"Romance"
413,"Romance"
385,"Romance"
416,"Romance"
408,"Romance"
377,"Romance"
402,"Romance"
425,"Romance"
392,"Romance"
423,"Romance"
376,"Romance"
419,"Romance"
409,"Romance"
343,"Romance"
380,"Romance"
394,"Romance"
406,"Romance"
410,"Romance"
421,"Romance"
378,"Romance"
397,"Romance"
402,"Romance"
443,"Romance"
376,"Romance"
393,"Romance"
412,"Romance"
358,"Romance"
406,"Romance"
382,"Romance"
403,"Romance"
382,"Romance"
433,"Romance"
389,"Romance"
407,"Romance"
408,"Romance"
381,"Romance"
395,"Romance"
389,"Romance"
394,"Romance"
349,"Romance"
410,"Romance"
418,"Romance"
386,"Romance"
402,"Romance"
410,"Romance"
425,"Romance"
402,"Romance"
379,"Romance"
393,"Romance"
391,"Romance"
370,"Romance"
418,"Romance"
400,"Romance"
431,"Romance"
404,"Romance"
403,"Romance"
381,"Romance"
428,"Romance"
394,"Romance"
374,"Romance"
383,"Romance"
426,"Romance"
389,"Romance"
381,"Romance"
409,"Romance"
414,"Romance"
390,"Romance"
395,"Romance"
429,"Romance"
404,"Romance"
381,"Romance"
414,"Romance"
400,"Romance"
373,"Romance"
434,"Romance"
375,"Romance"
417,"Romance"
380,"Romance"
412,"Romance"
354,"Romance"
412,"Romance"
418,"Romance"
412,"Romance"
357,"Romance"
428,"Romance"
420,"Romance"
369,"Romance"
377,"Romance"
390,"Romance"
423,"Romance"
404,"Romance"
394,"Romance"
401,"Romance"
409,"Romance"
393,"Romance"
372,"Romance"
423,"Romance"
386,"Romance"
424,"Romance"
391,"Romance"
417,"Romance"
406,"Romance"
397,"Romance"
405,"Romance"
393,"Romance"
400,"Romance"
395,"Romance"
397,"Romance"
383,"Romance"
388,"Romance"
392,"Romance"
408,"Romance"
385,"Romance"
377,"Romance"
367,"Romance"
381,"Romance"
396,"Romance"
387,"Romance"
402,"Romance"
388,"Romance"
384,"Romance"
421,"Romance"
430,"Romance"
400,"Romance"
422,"Romance"
390,"Romance"
391,"Romance"
396,"Romance"
392,"Romance"
414,"Romance"
391,"Romance"
390,"Romance"
413,"Romance"
397,"Romance"
404,"Romance"
394,"Romance"
378,"Romance"
397,"Romance"
397,"Romance"
394,"Romance"
414,"Romance"
384,"Romance"
397,"Romance"
419,"Romance"
411,"Romance"
376,"Romance"
423,"Romance"
371,"Romance"
370,"Romance"
377,"Romance"
400,"Romance"
383,"Romance"
387,"Romance"
412,"Romance"
392,"Romance"
418,"Romance"
398,"Romance"
404,"Romance"
402,"Romance"
439,"Romance"
420,"Romance"
392,"Romance"
389,"Romance"
352,"Romance"
382,"Romance"
393,"Romance"
372,"Romance"
415,"Romance"
394,"Romance"
395,"Romance"
410,"Romance"
363,"Romance"
371,"Romance"
403,"Romance"
387,"Romance"
425,"Romance"
353,"Romance"
400,"Romance"
395,"Romance"
384,"Romance"
448,"Romance"
378,"Romance"
412,"Romance"
408,"Romance"
391,"Romance"
391,"Romance"
354,"Romance"
397,"Romance"
382,"Romance"
393,"Romance"
406,"Romance"
385,"Romance"
427,"Romance"
375,"Romance"
417,"Romance"
398,"Romance"
398,"Romance"
414,"Romance"
360,"Romance"
433,"Romance"
410,"Romance"
391,"Romance"
426,"Romance"
424,"Romance"
387,"Romance"
371,"Romance"
400,"Romance"
398,"Romance"
392,"Romance"
416,"Romance"
428,"Romance"
367,"Romance"
402,"Romance"
378,"Romance"
408,"Romance"
404,"Romance"
368,"Romance"
420,"Romance"
386,"Romance"
375,"Romance"
380,"Romance"
375,"Romance"
405,"Romance"
427,"Romance"
388,"Romance"
411,"Romance"
400,"Romance"
376,"Romance"
445,"Romance"
414,"Romance"
360,"Romance"
409,"Romance"
420,"Romance"
385,"Romance"
398,"Romance"
365,"Romance"
353,"Romance"
395,"Romance"
389,"Romance"
384,"Romance"
425,"Romance"
403,"Romance"
363,"Romance"
454,"Romance"
412,"Romance"
409,"Romance"
398,"Romance"
412,"Romance"
373,"Romance"
419,"Romance"
421,"Romance"
369,"Romance"
394,"Romance"
379,"Romance"
404,"Romance"
347,"Romance"
368,"Romance"
401,"Romance"
413,"Romance"
398,"Romance"
392,"Romance"
411,"Romance"
438,"Romance"
392,"Romance"
383,"Romance"
389,"Romance"
387,"Romance"
391,"Romance"
410,"Romance"
373,"Romance"
388,"Romance"
395,"Romance"
380,"Romance"
386,"Romance"
395,"Romance"
389,"Romance"
394,"Romance"
425,"Romance"
386,"Romance"
411,"Romance"
377,"Romance"
377,"Romance"
419,"Romance"
405,"Romance"
385,"Romance"
422,"Romance"
428,"Romance"
386,"Romance"
411,"Romance"
430,"Romance"
367,"Romance"
347,"Romance"
375,"Romance"
337,"Romance"
399,"Romance"
406,"Romance"
421,"Romance"
380,"Romance"
390,"Romance"
396,"Romance"
380,"Romance"
402,"Romance"
382,"Romance"
390,"Romance"
417,"Romance"
427,"Romance"
387,"Romance"
398,"Romance"
379,"Romance"
390,"Romance"
421,"Romance"
412,"Romance"
422,"Romance"
386,"Romance"
387,"Romance"
390,"Romance"
426,"Romance"
431,"Romance"
419,"Romance"
407,"Romance"
405,"Romance"
397,"Romance"
405,"Romance"
416,"Romance"
417,"Romance"
384,"Romance"
390,"Romance"
411,"Romance"
389,"Romance"
392,"Romance"
387,"Romance"
399,"Romance"
416,"Romance"
399,"Romance"
430,"Romance"
370,"Romance"
417,"Romance"
402,"Romance"
398,"Romance"
397,"Romance"
403,"Romance"
408,"Romance"
385,"Romance"
380,"Romance"
392,"Romance"
381,"Romance"
403,"Romance"
395,"Romance"
422,"Romance"
431,"Romance"
375,"Romance"
363,"Romance"
379,"Romance"
386,"Romance"
417,"Romance"
418,"Romance"
419,"Romance"
394,"Romance"
389,"Romance"
390,"Romance"
380,"Romance"
419,"Romance"
400,"Romance"
385,"Romance"
404,"Romance"
395,"Romance"
382,"Romance"
428,"Romance"
358,"Romance"
427,"Romance"
385,"Romance"
398,"Romance"
387,"Romance"
404,"Romance"
419,"Romance"
389,"Romance"
387,"Romance"
409,"Romance"
406,"Romance"
369,"Romance"
392,"Romance"
410,"Romance"
384,"Romance"
411,"Romance"
398,"Romance"
433,"Romance"
408,"Romance"
403,"Romance"
377,"Romance"
451,"Romance"
376,"Romance"
389,"Romance"
409,"Romance"
446,"Romance"
391,"Romance"
433,"Romance"
439,"Romance"
420,"Romance"
357,"Romance"
434,"Romance"
380,"Romance"
409,"Romance"
405,"Romance"
409,"Romance"
402,"Romance"
394,"Romance"
352,"Romance"
416,"Romance"
411,"Romance"
410,"Romance"
392,"Romance"
386,"Romance"
429,"Romance"
422,"Romance"
416,"Romance"
437,"Romance"
396,"Romance"
385,"Romance"
387,"Romance"
338,"Romance"
379,"Romance"
360,"Romance"
416,"Romance"
71,"Short Stories"
31,"Short Stories"
60,"Short Stories"
55,"Short Stories"
55,"Short Stories"
52,"Short Stories"
53,"Short Stories"
43,"Short Stories"
46,"Short Stories"
43,"Short Stories"
58,"Short Stories"
39,"Short Stories"
43,"Short Stories"
38,"Short Stories"
56,"Short Stories"
60,"Short Stories"
43,"Short Stories"
40,"Short Stories"
49,"Short Stories"
31,"Short Stories"
66,"Short Stories"
47,"Short Stories"
79,"Short Stories"
52,"Short Stories"
57,"Short Stories"
40,"Short Stories"
62,"Short Stories"
54,"Short Stories"
47,"Short Stories"
34,"Short Stories"
59,"Short Stories"
49,"Short Stories"
41,"Short Stories"
40,"Short Stories"
48,"Short Stories"
52,"Short Stories"
48,"Short Stories"
40,"Short Stories"
51,"Short Stories"
50,"Short Stories"
54,"Short Stories"
40,"Short Stories"
63,"Short Stories"
70,"Short Stories"
31,"Short Stories"
34,"Short Stories"
53,"Short Stories"
44,"Short Stories"
54,"Short Stories"
64,"Short Stories"
54,"Short Stories"
60,"Short Stories"
65,"Short Stories"
45,"Short Stories"
66,"Short Stories"
43,"Short Stories"
37,"Short Stories"
39,"Short Stories"
55,"Short Stories"
62,"Short Stories"
72,"Short Stories"
64,"Short Stories"
39,"Short Stories"
51,"Short Stories"
54,"Short Stories"
54,"Short Stories"
72,"Short Stories"
62,"Short Stories"
56,"Short Stories"
51,"Short Stories"
59,"Short Stories"
36,"Short Stories"
31,"Short Stories"
48,"Short Stories"
49,"Short Stories"
76,"Short Stories"
45,"Short Stories"
31,"Short Stories"
66,"Short Stories"
41,"Short Stories"
75,"Short Stories"
42,"Short Stories"
68,"Short Stories"
68,"Short Stories"
40,"Short Stories"
43,"Short Stories"
73,"Short Stories"
52,"Short Stories"
70,"Short Stories"
35,"Short Stories"
42,"Short Stories"
53,"Short Stories"
43,"Short Stories"
49,"Short Stories"
50,"Short Stories"
29,"Short Stories"
68,"Short Stories"
44,"Short Stories"
53,"Short Stories"
49,"Short Stories"
32,"Short Stories"
52,"Short Stories"
56,"Short Stories"
47,"Short Stories"
52,"Short Stories"
34,"Short Stories"
44,"Short Stories"
60,"Short Stories"
46,"Short Stories"
44,"Short Stories"
54,"Short Stories"
40,"Short Stories"
55,"Short Stories"
48,"Short Stories"
42,"Short Stories"
55,"Short Stories"
50,"Short Stories"
59,"Short Stories"
41,"Short Stories"
40,"Short Stories"
56,"Short Stories"
48,"Short Stories"
64,"Short Stories"
57,"Short Stories"
41,"Short Stories"
52,"Short Stories"
51,"Short Stories"
44,"Short Stories"
55,"Short Stories"
48,"Short Stories"
59,"Short Stories"
51,"Short Stories"
37,"Short Stories"
48,"Short Stories"
55,"Short Stories"
58,"Short Stories"
41,"Short Stories"
55,"Short Stories"
54,"Short Stories"
43,"Short Stories"
47,"Short Stories"
51,"Short Stories"
59,"Short Stories"
52,"Short Stories"
45,"Short Stories"
32,"Short Stories"
41,"Short Stories"
50,"Short Stories"
36,"Short Stories"
59,"Short Stories"
43,"Short Stories"
46,"Short Stories"
36,"Short Stories"
46,"Short Stories"
49,"Short Stories"
40,"Short Stories"
50,"Short Stories"
54,"Short Stories"
44,"Short Stories"
58,"Short Stories"
42,"Short Stories"
60,"Short Stories"
37,"Short Stories"
64,"Short Stories"
65,"Short Stories"
40,"Short Stories"
53,"Short Stories"
53,"Short Stories"
77,"Short Stories"
40,"Short Stories"
57,"Short Stories"
38,"Short Stories"
57,"Short Stories"
59,"Short Stories"
51,"Short Stories"
55,"Short Stories"
49,"Short Stories"
34,"Short Stories"
37,"Short Stories"
35,"Short Stories"
46,"Short Stories"
40,"Short Stories"
53,"Short Stories"
45,"Short Stories"
64,"Short Stories"
50,"Short Stories"
53,"Short Stories"
73,"Short Stories"
46,"Short Stories"
41,"Short Stories"
50,"Short Stories"
50,"Short Stories"
51,"Short Stories"
37,"Short Stories"
62,"Short Stories"
57,"Short Stories"
42,"Short Stories"
58,"Short Stories"
47,"Short Stories"
47,"Short Stories"
67,"Short Stories"
54,"Short Stories"
50,"Short Stories"
43,"Short Stories"
47,"Short Stories"
44,"Short Stories"
40,"Short Stories"
67,"Short Stories"
51,"Short Stories"
46,"Short Stories"
45,"Short Stories"
42,"Short Stories"
43,"Short Stories"
39,"Short Stories"
36,"Short Stories"
51,"Short Stories"
68,"Short Stories"
48,"Short Stories"
58,"Short Stories"
51,"Short Stories"
28,"Short Stories"
52,"Short Stories"
66,"Short Stories"
36,"Short Stories"
65,"Short Stories"
69,"Short Stories"
38,"Short Stories"
53,"Short Stories"
66,"Short Stories"
46,"Short Stories"
44,"Short Stories"
51,"Short Stories"
60,"Short Stories"
67,"Short Stories"
50,"Short Stories"
56,"Short Stories"
44,"Short Stories"
36,"Short Stories"
48,"Short Stories"
60,"Short Stories"
48,"Short Stories"
60,"Short Stories"
57,"Short Stories"
61,"Short Stories"
48,"Short Stories"
72,"Short Stories"
50,"Short Stories"
46,"Short Stories"
46,"Short Stories"
51,"Short Stories"
52,"Short Stories"
63,"Short Stories"
50,"Short Stories"
66,"Short Stories"
29,"Short Stories"
48,"Short Stories"
52,"Short Stories"
46,"Short Stories"
60,"Short Stories"
47,"Short Stories"
54,"Short Stories"
50,"Short Stories"
52,"Short Stories"
62,"Short Stories"
63,"Short Stories"
50,"Short Stories"
62,"Short Stories"
36,"Short Stories"
30,"Short Stories"
49,"Short Stories"
56,"Short Stories"
39,"Short Stories"
46,"Short Stories"
50,"Short Stories"
56,"Short Stories"
52,"Short Stories"
51,"Short Stories"
49,"Short Stories"
64,"Short Stories"
57,"Short Stories"
48,"Short Stories"
46,"Short Stories"
61,"Short Stories"
45,"Short Stories"
54,"Short Stories"
43,"Short Stories"
37,"Short Stories"
36,"Short Stories"
39,"Short Stories"
49,"Short Stories"
63,"Short Stories"
56,"Short Stories"
27,"Short Stories"
52,"Short Stories"
43,"Short Stories"
56,"Short Stories"
43,"Short Stories"
43,"Short Stories"
55,"Short Stories"
54,"Short Stories"
63,"Short Stories"
35,"Short Stories"
41,"Short Stories"
55,"Short Stories"
64,"Short Stories"
57,"Short Stories"
40,"Short Stories"
27,"Short Stories"
52,"Short Stories"
40,"Short Stories"
52,"Short Stories"
43,"Short Stories"
49,"Short Stories"
50,"Short Stories"
65,"Short Stories"
49,"Short Stories"
53,"Short Stories"
46,"Short Stories"
61,"Short Stories"
44,"Short Stories"
66,"Short Stories"
49,"Short Stories"
33,"Short Stories"
50,"Short Stories"
51,"Short Stories"
56,"Short Stories"
40,"Short Stories"
46,"Short Stories"
49,"Short Stories"
41,"Short Stories"
41,"Short Stories"
61,"Short Stories"
65,"Short Stories"
40,"Short Stories"
66,"Short Stories"
49,"Short Stories"
42,"Short Stories"
37,"Short Stories"
44,"Short Stories"
65,"Short Stories"
55,"Short Stories"
41,"Short Stories"
62,"Short Stories"
49,"Short Stories"
51,"Short Stories"
59,"Short Stories"
47,"Short Stories"
48,"Short Stories"
48,"Short Stories"
56,"Short Stories"
56,"Short Stories"
53,"Short Stories"
52,"Short Stories"
48,"Short Stories"
39,"Short Stories"
56,"Short Stories"
55,"Short Stories"
38,"Short Stories"
54,"Short Stories"
52,"Short Stories"
60,"Short Stories"
52,"Short Stories"
48,"Short Stories"
59,"Short Stories"
50,"Short Stories"
55,"Short Stories"
44,"Short Stories"
29,"Short Stories"
62,"Short Stories"
48,"Short Stories"
54,"Short Stories"
49,"Short Stories"
51,"Short Stories"
54,"Short Stories"
45,"Short Stories"
35,"Short Stories"
59,"Short Stories"
50,"Short Stories"
51,"Short Stories"
63,"Short Stories"
31,"Short Stories"
58,"Short Stories"
58,"Short Stories"
47,"Short Stories"
45,"Short Stories"
42,"Short Stories"
64,"Short Stories"
57,"Short Stories"
46,"Short Stories"
44,"Short Stories"
36,"Short Stories"
41,"Short Stories"
42,"Short Stories"
32,"Short Stories"
57,"Short Stories"
51,"Short Stories"
38,"Short Stories"
40,"Short Stories"
46,"Short Stories"
56,"Short Stories"
59,"Short Stories"
38,"Short Stories"
41,"Short Stories"
42,"Short Stories"
36,"Short Stories"
41,"Short Stories"
48,"Short Stories"
45,"Short Stories"
67,"Short Stories"
53,"Short Stories"
60,"Short Stories"
42,"Short Stories"
53,"Short Stories"
57,"Short Stories"
60,"Short Stories"
59,"Short Stories"
55,"Short Stories"
40,"Short Stories"
37,"Short Stories"
54,"Short Stories"
47,"Short Stories"
41,"Short Stories"
58,"Short Stories"
45,"Short Stories"
57,"Short Stories"
40,"Short Stories"
68,"Short Stories"
47,"Short Stories"
49,"Short Stories"
20,"Short Stories"
42,"Short Stories"
53,"Short Stories"
46,"Short Stories"
46,"Short Stories"
73,"Short Stories"
28,"Short Stories"
48,"Short Stories"
63,"Short Stories"
70,"Short Stories"
46,"Short Stories"
44,"Short Stories"
51,"Short Stories"
57,"Short Stories"
46,"Short Stories"
46,"Short Stories"
53,"Short Stories"
68,"Short Stories"
41,"Short Stories"
63,"Short Stories"
41,"Short Stories"
61,"Short Stories"
67,"Short Stories"
40,"Short Stories"
46,"Short Stories"
59,"Short Stories"
70,"Short Stories"
44,"Short Stories"
67,"Short Stories"
20,"Short Stories"
68,"Short Stories"
54,"Short Stories"
35,"Short Stories"
53,"Short Stories"
54,"Short Stories"
63,"Short Stories"
45,"Short Stories"
53,"Short Stories"
45,"Short Stories"
49,"Short Stories"
42,"Short Stories"
37,"Short Stories"
46,"Short Stories"
65,"Short Stories"
49,"Short Stories"
49,"Short Stories"
73,"Short Stories"
38,"Short Stories"
52,"Short Stories"
47,"Short Stories"
45,"Short Stories"
47,"Short Stories"
48,"Short Stories"
54,"Short Stories"
43,"Short Stories"
49,"Short Stories"
52,"Short Stories"
49,"Short Stories"
38,"Short Stories"
30,"Short Stories"
50,"Short Stories"
61,"Short Stories"
35,"Short Stories"
36,"Short Stories"
44,"Short Stories"
44,"Short Stories"
40,"Short Stories"
57,"Short Stories"
57,"Short Stories"
43,"Short Stories"
57,"Short Stories"
49,"Short Stories"
56,"Short Stories"
48,"Short Stories"
52,"Short Stories"
54,"Short Stories"
35,"Short Stories"
47,"Short Stories"
38,"Short Stories"
40,"Short Stories"
43,"Short Stories"
39,"Short Stories"
45,"Short Stories"
52,"Short Stories"
37,"Short Stories"
44,"Short Stories"
58,"Short Stories"
33,"Short Stories"
50,"Short Stories"
39,"Short Stories"
44,"Short Stories"
36,"Short Stories"
52,"Short Stories"
30,"Short Stories"
38,"Short Stories"
51,"Short Stories"
59,"Short Stories"
66,"Short Stories"
37,"Short Stories"
65,"Short Stories"
50,"Short Stories"
44,"Short Stories"
37,"Short Stories"
55,"Short Stories"
76,"Short Stories"
36,"Short Stories"
39,"Short Stories"
49,"Short Stories"
51,"Short Stories"
62,"Short Stories"
43,"Short Stories"
61,"Short Stories"
50,"Short Stories"
41,"Short Stories"
51,"Short Stories"
40,"Short Stories"
45,"Short Stories"
43,"Short Stories"
37,"Short Stories"
51,"Short Stories"
59,"Short Stories"
48,"Short Stories"
47,"Short Stories"
56,"Short Stories"
51,"Short Stories"
42,"Short Stories"
50,"Short Stories"
59,"Short Stories"
52,"Short Stories"
56,"Short Stories"
65,"Short Stories"
45,"Short Stories"
55,"Short Stories"
54,"Short Stories"
37,"Short Stories"
39,"Short Stories"
37,"Short Stories"
45,"Short Stories"
47,"Short Stories"
41,"Short Stories"
52,"Short Stories"
30,"Short Stories"
58,"Short Stories"
59,"Short Stories"
58,"Short Stories"
36,"Short Stories"
43,"Short Stories"
54,"Short Stories"
79,"Short Stories"
52,"Short Stories"
63,"Short Stories"
48,"Short Stories"
50,"Short Stories"
46,"Short Stories"
48,"Short Stories"
54,"Short Stories"
45,"Short Stories"
37,"Short Stories"
59,"Short Stories"
41,"Short Stories"
71,"Short Stories"
42,"Short Stories"
50,"Short Stories"
42,"Short Stories"
52,"Short Stories"
39,"Short Stories"
63,"Short Stories"
49,"Short Stories"
60,"Short Stories"
47,"Short Stories"
61,"Short Stories"
69,"Short Stories"
52,"Short Stories"
30,"Short Stories"
57,"Short Stories"
65,"Short Stories"
60,"Short Stories"
52,"Short Stories"
62,"Short Stories"
57,"Short Stories"
71,"Short Stories"
45,"Short Stories"
51,"Short Stories"
43,"Short Stories"
43,"Short Stories"
34,"Short Stories"
50,"Short Stories"
52,"Short Stories"
72,"Short Stories"
43,"Short Stories"
47,"Short Stories"
79,"Short Stories"
57,"Short Stories"
33,"Short Stories"
58,"Short Stories"
36,"Short Stories"
52,"Short Stories"
56,"Short Stories"
52,"Short Stories"
39,"Short Stories"
50,"Short Stories"
28,"Short Stories"
44,"Short Stories"
43,"Short Stories"
57,"Short Stories"
37,"Short Stories"
42,"Short Stories"
51,"Short Stories"
57,"Short Stories"
36,"Short Stories"
61,"Short Stories"
58,"Short Stories"
35,"Short Stories"
46,"Short Stories"
51,"Short Stories"
51,"Short Stories"
41,"Short Stories"
49,"Short Stories"
36,"Short Stories"
60,"Short Stories"
53,"Short Stories"
63,"Short Stories"
51,"Short Stories"
42,"Short Stories"
39,"Short Stories"
67,"Short Stories"
48,"Short Stories"
56,"Short Stories"
54,"Short Stories"
48,"Short Stories"
46,"Short Stories"
38,"Short Stories"
64,"Short Stories"
41,"Short Stories"
49,"Short Stories"
34,"Short Stories"
56,"Short Stories"
31,"Short Stories"
39,"Short Stories"
53,"Short Stories"
43,"Short Stories"
53,"Short Stories"
72,"Short Stories"
52,"Short Stories"
68,"Short Stories"
39,"Short Stories"
47,"Short Stories"
35,"Short Stories"
53,"Short Stories"
62,"Short Stories"
56,"Short Stories"
46,"Short Stories"
57,"Short Stories"
47,"Short Stories"
54,"Short Stories"
31,"Short Stories"
58,"Short Stories"
45,"Short Stories"
64,"Short Stories"
41,"Short Stories"
38,"Short Stories"
51,"Short Stories"
27,"Short Stories"
61,"Short Stories"
56,"Short Stories"
54,"Short Stories"
49,"Short Stories"
41,"Short Stories"
31,"Short Stories"
35,"Short Stories"
43,"Short Stories"
29,"Short Stories"
53,"Short Stories"
51,"Short Stories"
50,"Short Stories"
52,"Short Stories"
38,"Short Stories"
56,"Short Stories"
48,"Short Stories"
32,"Short Stories"
65,"Short Stories"
46,"Short Stories"
54,"Short Stories"
46,"Short Stories"
40,"Short Stories"
46,"Short Stories"
64,"Short Stories"
45,"Short Stories"
63,"Short Stories"
48,"Short Stories"
54,"Short Stories"
52,"Short Stories"
37,"Short Stories"
43,"Short Stories"
52,"Short Stories"
61,"Short Stories"
34,"Short Stories"
41,"Short Stories"
47,"Short Stories"
57,"Short Stories"
44,"Short Stories"
59,"Short Stories"
34,"Short Stories"
48,"Short Stories"
21,"Short Stories"
38,"Short Stories"
53,"Short Stories"
44,"Short Stories"
50,"Short Stories"
52,"Short Stories"
42,"Short Stories"
39,"Short Stories"
54,"Short Stories"
32,"Short Stories"
34,"Short Stories"
54,"Short Stories"
36,"Short Stories"
59,"Short Stories"
59,"Short Stories"
35,"Short Stories"
46,"Short Stories"
39,"Short Stories"
55,"Short Stories"
64,"Short Stories"
28,"Short Stories"
34,"Short Stories"
66,"Short Stories"
49,"Short Stories"
52,"Short Stories"
56,"Short Stories"
48,"Short Stories"
35,"Short Stories"
47,"Short Stories"
50,"Short Stories"
43,"Short Stories"
50,"Short Stories"
53,"Short Stories"
53,"Short Stories"
30,"Short Stories"
36,"Short Stories"
54,"Short Stories"
43,"Short Stories"
37,"Short Stories"
53,"Short Stories"
50,"Short Stories"
58,"Short Stories"
59,"Short Stories"
47,"Short Stories"
42,"Short Stories"
65,"Short Stories"
57,"Short Stories"
63,"Short Stories"
57,"Short Stories"
41,"Short Stories"
56,"Short Stories"
52,"Short Stories"
53,"Short Stories"
51,"Short Stories"
42,"Short Stories"
52,"Short Stories"
53,"Short Stories"
63,"Short Stories"
47,"Short Stories"
41,"Short Stories"
58,"Short Stories"
50,"Short Stories"
53,"Short Stories"
54,"Short Stories"
60,"Short Stories"
57,"Short Stories"
61,"Short Stories"
48,"Short Stories"
45,"Short Stories"
39,"Short Stories"
74,"Short Stories"
43,"Short Stories"
41,"Short Stories"
54,"Short Stories"
59,"Short Stories"
69,"Short Stories"
43,"Short Stories"
51,"Short Stories"
33,"Short Stories"
43,"Short Stories"
56,"Short Stories"
40,"Short Stories"
48,"Short Stories"
45,"Short Stories"
59,"Short Stories"
40,"Short Stories"
49,"Short Stories"
44,"Short Stories"
63,"Short Stories"
62,"Short Stories"
61,"Short Stories"
41,"Short Stories"
48,"Short Stories"
53,"Short Stories"
43,"Short Stories"
44,"Short Stories"
49,"Short Stories"
62,"Short Stories"
58,"Short Stories"
69,"Short Stories"
46,"Short Stories"
56,"Short Stories"
38,"Short Stories"
36,"Short Stories"
51,"Short Stories"
57,"Short Stories"
47,"Short Stories"
63,"Short Stories"
51,"Short Stories"
51,"Short Stories"
43,"Short Stories"
51,"Short Stories"
61,"Short Stories"
52,"Short Stories"
56,"Short Stories"
45,"Short Stories"
59,"Short Stories"
47,"Short Stories"
60,"Short Stories"
49,"Short Stories"
54,"Short Stories"
62,"Short Stories"
47,"Short Stories"
38,"Short Stories"
59,"Short Stories"
53,"Short Stories"
35,"Short Stories"
52,"Short Stories"
56,"Short Stories"
68,"Short Stories"
61,"Short Stories"
51,"Short Stories"
62,"Short Stories"
74,"Short Stories"
57,"Short Stories"
58,"Short Stories"
53,"Short Stories"
58,"Short Stories"
65,"Short Stories"
60,"Short Stories"
51,"Short Stories"
56,"Short Stories"
42,"Short Stories"
41,"Short Stories"
48,"Short Stories"
38,"Short Stories"
67,"Short Stories"
43,"Short Stories"
50,"Short Stories"
56,"Short Stories"
64,"Short Stories"
58,"Short Stories"
70,"Short Stories"
49,"Short Stories"
60,"Short Stories"
51,"Short Stories"
47,"Short Stories"
50,"Short Stories"
50,"Short Stories"
36,"Short Stories"
29,"Short Stories"
60,"Short Stories"
47,"Short Stories"
56,"Short Stories"
40,"Short Stories"
37,"Short Stories"
49,"Short Stories"
34,"Short Stories"
60,"Short Stories"
55,"Short Stories"
48,"Short Stories"
56,"Short Stories"
58,"Short Stories"
48,"Short Stories"
40,"Short Stories"
52,"Short Stories"
52,"Short Stories"
53,"Short Stories"
28,"Short Stories"
46,"Short Stories"
60,"Short Stories"
49,"Short Stories"
53,"Short Stories"
63,"Short Stories"
47,"Short Stories"
43,"Short Stories"
42,"Short Stories"
37,"Short Stories"
58,"Short Stories"
43,"Short Stories"
70,"Short Stories"
51,"Short Stories"
42,"Short Stories"
38,"Short Stories"
69,"Short Stories"
67,"Short Stories"
64,"Short Stories"
63,"Short Stories"
54,"Short Stories"
71,"Short Stories"
35,"Short Stories"
36,"Short Stories"
44,"Short Stories"
64,"Short Stories"
60,"Short Stories"
42,"Short Stories"
41,"Short Stories"
39,"Short Stories"
61,"Short Stories"
63,"Short Stories"
52,"Short Stories"
43,"Short Stories"
54,"Short Stories"
47,"Short Stories"
42,"Short Stories"
54,"Short Stories"
37,"Short Stories"
45,"Short Stories"
59,"Short Stories"
43,"Short Stories"
44,"Short Stories"
42,"Short Stories"
50,"Short Stories"
45,"Short Stories"
49,"Short Stories"
56,"Short Stories"
45,"Short Stories"
45,"Short Stories"
51,"Short Stories"
46,"Short Stories"
53,"Short Stories"
45,"Short Stories"
46,"Short Stories"
47,"Short Stories"
65,"Short Stories"
40,"Short Stories"
47,"Short Stories"
47,"Short Stories"
35,"Short Stories"
59,"Short Stories"
38,"Short Stories"
52,"Short Stories"
45,"Short Stories"
38,"Short Stories"
53,"Short Stories"
32,"Short Stories"
53,"Short Stories"
60,"Short Stories"
28,"Short Stories"
68,"Short Stories"
47,"Short Stories"
64,"Short Stories"
30,"Short Stories"
55,"Short Stories"
62,"Short Stories"
51,"Short Stories"
62,"Short Stories"
44,"Short Stories"
60,"Short Stories"
51,"Short Stories"
45,"Short Stories"
47,"Short Stories"
71,"Short Stories"
47,"Short Stories"
42,"Short Stories"
68,"Short Stories"
53,"Short Stories"
505,"Noir"
497,"Noir"
505,"Noir"
515,"Noir"
539,"Noir"
497,"Noir"
493,"Noir"
511,"Noir"
507,"Noir"
576,"Noir"
470,"Noir"
499,"Noir"
526,"Noir"
481,"Noir"
481,"Noir"
438,"Noir"
543,"Noir"
471,"Noir"
556,"Noir"
534,"Noir"
496,"Noir"
474,"Noir"
463,"Noir"
450,"Noir"
500,"Noir"
521,"Noir"
461,"Noir"
489,"Noir"
430,"Noir"
550,"Noir"
459,"Noir"
465,"Noir"
479,"Noir"
553,"Noir"
535,"Noir"
525,"Noir"
511,"Noir"
457,"Noir"
543,"Noir"
533,"Noir"
572,"Noir"
539,"Noir"
520,"Noir"
476,"Noir"
509,"Noir"
513,"Noir"
497,"Noir"
552,"Noir"
509,"Noir"
481,"Noir"
461,"Noir"
501,"Noir"
509,"Noir"
488,"Noir"
493,"Noir"
540,"Noir"
501,"Noir"
480,"Noir"
472,"Noir"
531,"Noir"
444,"Noir"
427,"Noir"
493,"Noir"
558,"Noir"
514,"Noir"
442,"Noir"
431,"Noir"
551,"Noir"
514,"Noir"
490,"Noir"
555,"Noir"
529,"Noir"
473,"Noir"
504,"Noir"
475,"Noir"
502,"Noir"
508,"Noir"
504,"Noir"
521,"Noir"
486,"Noir"
499,"Noir"
505,"Noir"
542,"Noir"
484,"Noir"
483,"Noir"
522,"Noir"
471,"Noir"
502,"Noir"
486,"Noir"
481,"Noir"
606,"Noir"
470,"Noir"
521,"Noir"
505,"Noir"
496,"Noir"
449,"Noir"
481,"Noir"
447,"Noir"
432,"Noir"
471,"Noir"
514,"Noir"
501,"Noir"
538,"Noir"
471,"Noir"
499,"Noir"
522,"Noir"
427,"Noir"
536,"Noir"
501,"Noir"
579,"Noir"
516,"Noir"
518,"Noir"
517,"Noir"
503,"Noir"
500,"Noir"
513,"Noir"
529,"Noir"
458,"Noir"
460,"Noir"
436,"Noir"
555,"Noir"
538,"Noir"
537,"Noir"
491,"Noir"
468,"Noir"
501,"Noir"
526,"Noir"
533,"Noir"
540,"Noir"
468,"Noir"
479,"Noir"
551,"Noir"
512,"Noir"
518,"Noir"
493,"Noir"
472,"Noir"
587,"Noir"
487,"Noir"
519,"Noir"
511,"Noir"
483,"Noir"
490,"Noir"
479,"Noir"
536,"Noir"
473,"Noir"
531,"Noir"
499,"Noir"
512,"Noir"
511,"Noir"
476,"Noir"
540,"Noir"
421,"Noir"
519,"Noir"
504,"Noir"
469,"Noir"
531,"Noir"
498,"Noir"
490,"Noir"
492,"Noir"
472,"Noir"
490,"Noir"
451,"Noir"
474,"Noir"
526,"Noir"
544,"Noir"
523,"Noir"
486,"Noir"
488,"Noir"
517,"Noir"
463,"Noir"
481,"Noir"
476,"Noir"
504,"Noir"
530,"Noir"
457,"Noir"
524,"Noir"
501,"Noir"
525,"Noir"
531,"Noir"
501,"Noir"
524,"Noir"
494,"Noir"
489,"Noir"
506,"Noir"
516,"Noir"
482,"Noir"
510,"Noir"
531,"Noir"
511,"Noir"
466,"Noir"
480,"Noir"
498,"Noir"
511,"Noir"
480,"Noir"
519,"Noir"
500,"Noir"
528,"Noir"
493,"Noir"
526,"Noir"
468,"Noir"
551,"Noir"
500,"Noir"
499,"Noir"
493,"Noir"
569,"Noir"
473,"Noir"
509,"Noir"
486,"Noir"
463,"Noir"
502,"Noir"
458,"Noir"
467,"Noir"
495,"Noir"
495,"Noir"
524,"Noir"
504,"Noir"
495,"Noir"
555,"Noir"
509,"Noir"
549,"Noir"
552,"Noir"
490,"Noir"
511,"Noir"
526,"Noir"
478,"Noir"
553,"Noir"
509,"Noir"
504,"Noir"
455,"Noir"
465,"Noir"
447,"Noir"
533,"Noir"
486,"Noir"
572,"Noir"
517,"Noir"
480,"Noir"
507,"Noir"
556,"Noir"
456,"Noir"
475,"Noir"
501,"Noir"
481,"Noir"
526,"Noir"
458,"Noir"
514,"Noir"
487,"Noir"
498,"Noir"
476,"Noir"
527,"Noir"
488,"Noir"
536,"Noir"
485,"Noir"
540,"Noir"
508,"Noir"
480,"Noir"
494,"Noir"
507,"Noir"
481,"Noir"
495,"Noir"
442,"Noir"
427,"Noir"
501,"Noir"
510,"Noir"
488,"Noir"
515,"Noir"
511,"Noir"
506,"Noir"
479,"Noir"
488,"Noir"
504,"Noir"
537,"Noir"
498,"Noir"
462,"Noir"
486,"Noir"
486,"Noir"
513,"Noir"
485,"Noir"
492,"Noir"
519,"Noir"
461,"Noir"
473,"Noir"
443,"Noir"
417,"Noir"
524,"Noir"
539,"Noir"
495,"Noir"
485,"Noir"
531,"Noir"
487,"Noir"
477,"Noir"
514,"Noir"
524,"Noir"
535,"Noir"
459,"Noir"
493,"Noir"
472,"Noir"
485,"Noir"
482,"Noir"
442,"Noir"
512,"Noir"
522,"Noir"
455,"Noir"
485,"Noir"
499,"Noir"
518,"Noir"
550,"Noir"
499,"Noir"
465,"Noir"
496,"Noir"
489,"Noir"
523,"Noir"
518,"Noir"
482,"Noir"
472,"Noir"
515,"Noir"
461,"Noir"
464,"Noir"
458,"Noir"
471,"Noir"
520,"Noir"
422,"Noir"
530,"Noir"
544,"Noir"
522,"Noir"
533,"Noir"
475,"Noir"
496,"Noir"
527,"Noir"
450,"Noir"
480,"Noir"
463,"Noir"
539,"Noir"
474,"Noir"
557,"Noir"
471,"Noir"
472,"Noir"
482,"Noir"
509,"Noir"
523,"Noir"
581,"Noir"
514,"Noir"
498,"Noir"
473,"Noir"
458,"Noir"
501,"Noir"
553,"Noir"
487,"Noir"
485,"Noir"
494,"Noir"
504,"Noir"
484,"Noir"
494,"Noir"
496,"Noir"
510,"Noir"
489,"Noir"
491,"Noir"
476,"Noir"
525,"Noir"
527,"Noir"
556,"Noir"
540,"Noir"
509,"Noir"
473,"Noir"
523,"Noir"
516,"Noir"
502,"Noir"
497,"Noir"
489,"Noir"
488,"Noir"
454,"Noir"
473,"Noir"
537,"Noir"
460,"Noir"
503,"Noir"
502,"Noir"
529,"Noir"
522,"Noir"
476,"Noir"
469,"Noir"
545,"Noir"
494,"Noir"
542,"Noir"
480,"Noir"
481,"Noir"
477,"Noir"
519,"Noir"
500,"Noir"
479,"Noir"
506,"Noir"
479,"Noir"
464,"Noir"
490,"Noir"
498,"Noir"
493,"Noir"
523,"Noir"
481,"Noir"
493,"Noir"
542,"Noir"
510,"Noir"
517,"Noir"
475,"Noir"
476,"Noir"
450,"Noir"
527,"Noir"
531,"Noir"
555,"Noir"
473,"Noir"
494,"Noir"
450,"Noir"
520,"Noir"
489,"Noir"
529,"Noir"
508,"Noir"
442,"Noir"
521,"Noir"
542,"Noir"
547,"Noir"
505,"Noir"
458,"Noir"
498,"Noir"
470,"Noir"
444,"Noir"
498,"Noir"
470,"Noir"
491,"Noir"
482,"Noir"
499,"Noir"
518,"Noir"
476,"Noir"
547,"Noir"
487,"Noir"
482,"Noir"
531,"Noir"
510,"Noir"
502,"Noir"
560,"Noir"
486,"Noir"
465,"Noir"
479,"Noir"
514,"Noir"
506,"Noir"
469,"Noir"
498,"Noir"
538,"Noir"
543,"Noir"
521,"Noir"
576,"Noir"
460,"Noir"
516,"Noir"
511,"Noir"
492,"Noir"
489,"Noir"
487,"Noir"
517,"Noir"
534,"Noir"
467,"Noir"
526,"Noir"
549,"Noir"
497,"Noir"
517,"Noir"
503,"Noir"
490,"Noir"
518,"Noir"
459,"Noir"
490,"Noir"
510,"Noir"
552,"Noir"
438,"Noir"
484,"Noir"
495,"Noir"
567,"Noir"
563,"Noir"
476,"Noir"
512,"Noir"
516,"Noir"
503,"Noir"
479,"Noir"
483,"Noir"
558,"Noir"
452,"Noir"
479,"Noir"
449,"Noir"
518,"Noir"
516,"Noir"
538,"Noir"
548,"Noir"
511,"Noir"
480,"Noir"
509,"Noir"
501,"Noir"
504,"Noir"
493,"Noir"
475,"Noir"
514,"Noir"
557,"Noir"
498,"Noir"
494,"Noir"
519,"Noir"
579,"Noir"
508,"Noir"
517,"Noir"
480,"Noir"
495,"Noir"
495,"Noir"
477,"Noir"
493,"Noir"
493,"Noir"
522,"Noir"
504,"Noir"
518,"Noir"
506,"Noir"
438,"Noir"
413,"Noir"
529,"Noir"
451,"Noir"
452,"Noir"
515,"Noir"
490,"Noir"
537,"Noir"
477,"Noir"
525,"Noir"
514,"Noir"
480,"Noir"
480,"Noir"
506,"Noir"
472,"Noir"
472,"Noir"
504,"Noir"
532,"Noir"
500,"Noir"
497,"Noir"
520,"Noir"
512,"Noir"
581,"Noir"
493,"Noir"
545,"Noir"
454,"Noir"
493,"Noir"
458,"Noir"
508,"Noir"
527,"Noir"
512,"Noir"
465,"Noir"
518,"Noir"
525,"Noir"
484,"Noir"
510,"Noir"
484,"Noir"
432,"Noir"
546,"Noir"
489,"Noir"
474,"Noir"
483,"Noir"
549,"Noir"
522,"Noir"
527,"Noir"
502,"Noir"
482,"Noir"
461,"Noir"
458,"Noir"
502,"Noir"
502,"Noir"
470,"Noir"
493,"Noir"
490,"Noir"
538,"Noir"
531,"Noir"
484,"Noir"
494,"Noir"
474,"Noir"
515,"Noir"
552,"Noir"
477,"Noir"
465,"Noir"
529,"Noir"
488,"Noir"
454,"Noir"
462,"Noir"
502,"Noir"
550,"Noir"
481,"Noir"
460,"Noir"
513,"Noir"
535,"Noir"
458,"Noir"
481,"Noir"
453,"Noir"
489,"Noir"
469,"Noir"
504,"Noir"
504,"Noir"
481,"Noir"
538,"Noir"
455,"Noir"
520,"Noir"
513,"Noir"
525,"Noir"
528,"Noir"
488,"Noir"
505,"Noir"
464,"Noir"
480,"Noir"
477,"Noir"
519,"Noir"
504,"Noir"
499,"Noir"
497,"Noir"
509,"Noir"
496,"Noir"
441,"Noir"
516,"Noir"
498,"Noir"
460,"Noir"
529,"Noir"
490,"Noir"
456,"Noir"
481,"Noir"
513,"Noir"
456,"Noir"
468,"Noir"
541,"Noir"
539,"Noir"
518,"Noir"
540,"Noir"
536,"Noir"
498,"Noir"
493,"Noir"
505,"Noir"
438,"Noir"
552,"Noir"
454,"Noir"
476,"Noir"
470,"Noir"
498,"Noir"
547,"Noir"
530,"Noir"
559,"Noir"
492,"Noir"
516,"Noir"
505,"Noir"
459,"Noir"
487,"Noir"
501,"Noir"
536,"Noir"
495,"Noir"
413,"Noir"
482,"Noir"
542,"Noir"
477,"Noir"
517,"Noir"
452,"Noir"
477,"Noir"
475,"Noir"
455,"Noir"
538,"Noir"
503,"Noir"
511,"Noir"
458,"Noir"
490,"Noir"
560,"Noir"
479,"Noir"
475,"Noir"
522,"Noir"
544,"Noir"
566,"Noir"
527,"Noir"
507,"Noir"
493,"Noir"
502,"Noir"
454,"Noir"
533,"Noir"
499,"Noir"
463,"Noir"
486,"Noir"
502,"Noir"
569,"Noir"
504,"Noir"
498,"Noir"
489,"Noir"
476,"Noir"
490,"Noir"
435,"Noir"
464,"Noir"
447,"Noir"
463,"Noir"
484,"Noir"
542,"Noir"
505,"Noir"
511,"Noir"
490,"Noir"
472,"Noir"
493,"Noir"
572,"Noir"
489,"Noir"
563,"Noir"
475,"Noir"
488,"Noir"
502,"Noir"
504,"Noir"
508,"Noir"
533,"Noir"
539,"Noir"
529,"Noir"
493,"Noir"
497,"Noir"
492,"Noir"
493,"Noir"
482,"Noir"
493,"Noir"
546,"Noir"
482,"Noir"
508,"Noir"
435,"Noir"
573,"Noir"
489,"Noir"
451,"Noir"
476,"Noir"
500,"Noir"
601,"Noir"
513,"Noir"
522,"Noir"
481,"Noir"
538,"Noir"
466,"Noir"
511,"Noir"
544,"Noir"
490,"Noir"
503,"Noir"
511,"Noir"
484,"Noir"
533,"Noir"
525,"Noir"
496,"Noir"
518,"Noir"
507,"Noir"
509,"Noir"
498,"Noir"
551,"Noir"
453,"Noir"
512,"Noir"
502,"Noir"
506,"Noir"
519,"Noir"
533,"Noir"
555,"Noir"
487,"Noir"
446,"Noir"
488,"Noir"
502,"Noir"
486,"Noir"
498,"Noir"
477,"Noir"
482,"Noir"
467,"Noir"
549,"Noir"
539,"Noir"
483,"Noir"
528,"Noir"
505,"Noir"
509,"Noir"
512,"Noir"
485,"Noir"
459,"Noir"
503,"Noir"
532,"Noir"
481,"Noir"
513,"Noir"
520,"Noir"
474,"Noir"
516,"Noir"
528,"Noir"
535,"Noir"
492,"Noir"
478,"Noir"
499,"Noir"
494,"Noir"
536,"Noir"
544,"Noir"
508,"Noir"
545,"Noir"
458,"Noir"
538,"Noir"
524,"Noir"
516,"Noir"
461,"Noir"
496,"Noir"
521,"Noir"
522,"Noir"
500,"Noir"
483,"Noir"
491,"Noir"
515,"Noir"
540,"Noir"
475,"Noir"
439,"Noir"
505,"Noir"
512,"Noir"
500,"Noir"
507,"Noir"
502,"Noir"
525,"Noir"
504,"Noir"
490,"Noir"
460,"Noir"
511,"Noir"
525,"Noir"
524,"Noir"
527,"Noir"
489,"Noir"
506,"Noir"
531,"Noir"
478,"Noir"
498,"Noir"
463,"Noir"
502,"Noir"
530,"Noir"
535,"Noir"
447,"Noir"
497,"Noir"
486,"Noir"
440,"Noir"
522,"Noir"
513,"Noir"
480,"Noir"
489,"Noir"
506,"Noir"
512,"Noir"
505,"Noir"
487,"Noir"
545,"Noir"
547,"Noir"
446,"Noir"
465,"Noir"
492,"Noir"
482,"Noir"
498,"Noir"
499,"Noir"
523,"Noir"
500,"Noir"
505,"Noir"
522,"Noir"
487,"Noir"
515,"Noir"
535,"Noir"
535,"Noir"
476,"Noir"
566,"Noir"
502,"Noir"
471,"Noir"
524,"Noir"
477,"Noir"
488,"Noir"
488,"Noir"
506,"Noir"
498,"Noir"
537,"Noir"
491,"Noir"
475,"Noir"
529,"Noir"
523,"Noir"
507,"Noir"
529,"Noir"
437,"Noir"
478,"Noir"
505,"Noir"
517,"Noir"
545,"Noir"
467,"Noir"
531,"Noir"
474,"Noir"
529,"Noir"
505,"Noir"
470,"Noir"
493,"Noir"
535,"Noir"
482,"Noir"
478,"Noir"
498,"Noir"
531,"Noir"
527,"Noir"
500,"Noir"
533,"Noir"
508,"Noir"
460,"Noir"
485,"Noir"
474,"Noir"
464,"Noir"
498,"Noir"
494,"Noir"
523,"Noir"
511,"Noir"
499,"Noir"
455,"Noir"
503,"Noir"
481,"Noir"
521,"Noir"
474,"Noir"
480,"Noir"
486,"Noir"
469,"Noir"
523,"Noir"
540,"Noir"
491,"Noir"
514,"Noir"
509,"Noir"
495,"Noir"
480,"Noir"
476,"Noir"
497,"Noir"
482,"Noir"
523,"Noir"
460,"Noir"
456,"Noir"
518,"Noir"
487,"Noir"
486,"Noir"
487,"Noir"
523,"Noir"
454,"Noir"
460,"Noir"
490,"Noir"
584,"Noir"
561,"Noir"
477,"Noir"
426,"Noir"
527,"Noir"
498,"Noir"
501,"Noir"
469,"Noir"
501,"Noir"
499,"Noir"
497,"Noir"
470,"Noir"
477,"Noir"
582,"Noir"
517,"Noir"
470,"Noir"
537,"Noir"
491,"Noir"
450,"Noir"
520,"Noir"
491,"Noir"
526,"Noir"
473,"Noir"
499,"Noir"
542,"Noir"
450,"Noir"
535,"Noir"
487,"Noir"
475,"Noir"
481,"Noir"
464,"Noir"
465,"Noir"
490,"Noir"
511,"Noir"
453,"Noir"
548,"Noir"
537,"Noir"
502,"Noir"
496,"Noir"
511,"Noir"
515,"Noir"
479,"Noir"
511,"Noir"
467,"Noir"
507,"Noir"
488,"Noir"
468,"Noir"
490,"Noir"
487,"Noir"
532,"Noir"
433,"Noir"
511,"Noir"
469,"Noir"
534,"Noir"
535,"Noir"
497,"Noir"
523,"Noir"
473,"Noir"
525,"Noir"
503,"Noir"
463,"Noir"
567,"Noir"
506,"Noir"
483,"Noir"
521,"Noir"
535,"Noir"
513,"Noir"
530,"Noir"
455,"Noir"
519,"Noir"
486,"Noir"
497,"Noir"
514,"Noir"
477,"Noir"
455,"Noir"
494,"Noir"
494,"Noir"
496,"Noir"
495,"Noir"
